Period,EntryDate,ExitDate,Status,Ticker,EntryUSD,ExitUSD,MovePct,StakeGBP,PnLGBP
1,2026-07-01,2026-08-03,CLOSED,ALL,237.66,264.07,11.113,100.0,9.1426
1,2026-07-01,2026-08-03,CLOSED,AIZ,269.43,280.52,4.116,100.0,2.2703
1,2026-07-01,2026-08-03,CLOSED,NEM,92.38,93.45,1.158,100.0,-0.6351
1,2026-07-01,2026-08-03,CLOSED,EQT,53.0,52.71,-0.547,100.0,-2.3103
1,2026-07-01,2026-08-03,CLOSED,CF,108.41,123.0,13.458,100.0,11.4467
1,2026-07-01,2026-08-03,CLOSED,INCY,114.7,120.22,4.813,100.0,2.9544
1,2026-07-01,2026-08-03,CLOSED,GEN,25.13,28.31,12.654,100.0,10.657
1,2026-07-01,2026-08-03,CLOSED,PTC,114.98,139.55,21.369,100.0,19.2172
1,2026-07-01,2026-08-03,CLOSED,TRV,331.89,377.08,13.616,100.0,11.6017
1,2026-07-01,2026-08-03,CLOSED,CINF,185.86,178.31,-4.062,100.0,-5.763
2,2026-08-03,2026-09-01,CLOSED,CINF,178.31,171.09,-4.049,100.0,-4.4672
2,2026-08-03,2026-09-01,CLOSED,ALL,264.07,260.33,-1.416,100.0,-1.8458
2,2026-08-03,2026-09-01,CLOSED,INCY,120.22,124.61,3.652,100.0,3.2
2,2026-08-03,2026-09-01,CLOSED,AIZ,280.52,282.46,0.692,100.0,0.2529
2,2026-08-03,2026-09-01,CLOSED,VLO,311.94,363.92,16.663,100.0,16.1552
2,2026-08-03,2026-09-01,CLOSED,GEN,28.31,30.73,8.548,100.0,8.0753
2,2026-08-03,2026-09-01,CLOSED,CF,123.0,132.07,7.374,100.0,6.9062
2,2026-08-03,2026-09-01,CLOSED,TRV,377.08,366.0,-2.938,100.0,-3.3613
2,2026-08-03,2026-09-01,CLOSED,HPQ,27.91,29.75,6.593,100.0,6.1282
2,2026-08-03,2026-09-01,CLOSED,EOG,145.01,147.61,1.793,100.0,1.3495
3,2026-09-01,2026-10-01,CLOSED,VLO,363.92,387.25,6.411,100.0,8.6944
3,2026-09-01,2026-10-01,CLOSED,MPC,380.78,393.21,3.264,100.0,5.4805
3,2026-09-01,2026-10-01,CLOSED,PSX,251.66,253.25,0.632,100.0,2.7914
3,2026-09-01,2026-10-01,CLOSED,CF,132.07,114.33,-13.432,100.0,-11.5745
3,2026-09-01,2026-10-01,CLOSED,ALL,260.33,223.04,-14.324,100.0,-12.4855
3,2026-09-01,2026-10-01,CLOSED,INCY,124.61,120.47,-3.322,100.0,-1.2476
3,2026-09-01,2026-10-01,CLOSED,CINF,171.09,159.85,-6.57,100.0,-4.5646
3,2026-09-01,2026-10-01,CLOSED,EOG,147.61,137.99,-6.517,100.0,-4.511
3,2026-09-01,2026-10-01,CLOSED,APA,44.16,41.36,-6.341,100.0,-4.3306
3,2026-09-01,2026-10-01,CLOSED,EXPE,313.25,264.65,-15.515,100.0,-13.7017
4,2026-10-01,2026-10-01,OPEN (mark-to-market),VLO,387.25,408.46,5.477,100.0,5.4715
4,2026-10-01,2026-10-01,OPEN (mark-to-market),MPC,393.21,420.15,6.851,100.0,6.8456
4,2026-10-01,2026-10-01,OPEN (mark-to-market),PSX,253.25,264.23,4.336,100.0,4.3301
4,2026-10-01,2026-10-01,OPEN (mark-to-market),EOG,137.99,141.31,2.406,100.0,2.4005
4,2026-10-01,2026-10-01,OPEN (mark-to-market),CF,114.33,114.54,0.184,100.0,0.1784
4,2026-10-01,2026-10-01,OPEN (mark-to-market),CINF,159.85,162.15,1.439,100.0,1.4335
4,2026-10-01,2026-10-01,OPEN (mark-to-market),APA,41.36,43.34,4.787,100.0,4.7817
4,2026-10-01,2026-10-01,OPEN (mark-to-market),ALL,223.04,224.41,0.614,100.0,0.6089
4,2026-10-01,2026-10-01,OPEN (mark-to-market),CVX,203.33,207.1,1.854,100.0,1.8487
4,2026-10-01,2026-10-01,OPEN (mark-to-market),INCY,120.47,117.14,-2.764,100.0,-2.7693
