TradeDate,SignalDate,Strategy,Ticker,EntryUSD,ExitUSD,MovePct,StakeGBP,PnLGBP
2026-06-29,2026-06-26,V1,WDC,600.56,651.88,8.545,100.0,8.5368
2026-06-29,2026-06-26,V1,DELL,393.82,414.61,5.279,100.0,5.2707
2026-06-29,2026-06-26,V1,CAT,998.41,1033.1899,3.484,100.0,3.4753
2026-06-29,2026-06-26,V1,MU,1128.7,1145.28,1.469,100.0,1.4609
2026-06-29,2026-06-26,V1,DAL,91.84,93.17,1.448,100.0,1.4401
2026-06-29,2026-06-26,V1,NTAP,153.26,155.06,1.174,100.0,1.1665
2026-06-29,2026-06-26,V1,UAL,135.77,135.19,-0.427,100.0,-0.4351
2026-06-29,2026-06-26,V1,SNDK,2090.71,2050.3899,-1.929,100.0,-1.9363
2026-06-29,2026-06-26,V1,STLD,244.18,234.22,-4.079,100.0,-4.0865
2026-06-29,2026-06-26,V1,NUE,239.5,228.58,-4.559,100.0,-4.5671
2026-06-29,2026-06-26,V2,AIZ,263.28,267.98,1.785,100.0,1.7771
2026-06-29,2026-06-26,V2,ALL,237.74,241.38,1.531,100.0,1.5231
2026-06-29,2026-06-26,V2,CINF,183.39,186.16,1.51,100.0,1.5024
2026-06-29,2026-06-26,V2,GEN,24.8,25.04,0.968,100.0,0.9598
2026-06-29,2026-06-26,V2,NEM,94.5,94.51,0.011,100.0,0.0027
2026-06-29,2026-06-26,V2,CF,105.7,105.4,-0.284,100.0,-0.2917
2026-06-29,2026-06-26,V2,INCY,115.48,114.66,-0.71,100.0,-0.7179
2026-06-29,2026-06-26,V2,EQT,52.55,52.0,-1.047,100.0,-1.0545
2026-06-29,2026-06-26,V2,FSLR,239.19,232.8,-2.672,100.0,-2.6792
2026-06-29,2026-06-26,V2,PTC,117.79,113.89,-3.311,100.0,-3.3186
2026-06-30,2026-06-29,V1,SNDK,2109.73,2273.73,7.774,100.0,7.7635
2026-06-30,2026-06-29,V1,DELL,410.64,431.46,5.07,100.0,5.0604
2026-06-30,2026-06-29,V1,DVA,219.31,222.48,1.445,100.0,1.436
2026-06-30,2026-06-29,V1,WDC,632.44,638.72,0.993,100.0,0.9836
2026-06-30,2026-06-29,V1,MU,1144.73,1154.29,0.835,100.0,0.8258
2026-06-30,2026-06-29,V1,DAL,93.08,93.66,0.623,100.0,0.6138
2026-06-30,2026-06-29,V1,UAL,135.8,135.99,0.14,100.0,0.1306
2026-06-30,2026-06-29,V1,GL,179.18,178.68,-0.279,100.0,-0.2883
2026-06-30,2026-06-29,V1,STLD,235.54,229.46,-2.581,100.0,-2.5903
2026-06-30,2026-06-29,V1,NUE,228.96,222.75,-2.712,100.0,-2.7213
2026-06-30,2026-06-29,V2,EQT,52.32,53.17,1.625,100.0,1.6152
2026-06-30,2026-06-29,V2,PTC,112.72,113.61,0.79,100.0,0.7802
2026-06-30,2026-06-29,V2,AIZ,267.54,268.53,0.37,100.0,0.3607
2026-06-30,2026-06-29,V2,CF,107.93,108.26,0.306,100.0,0.2965
2026-06-30,2026-06-29,V2,GEN,24.82,24.89,0.282,100.0,0.2727
2026-06-30,2026-06-29,V2,NEM,93.84,93.4,-0.469,100.0,-0.4781
2026-06-30,2026-06-29,V2,CINF,186.16,185.14,-0.548,100.0,-0.5571
2026-06-30,2026-06-29,V2,FSLR,238.7,235.96,-1.148,100.0,-1.157
2026-06-30,2026-06-29,V2,INCY,115.0,113.36,-1.426,100.0,-1.4352
2026-06-30,2026-06-29,V2,ALL,241.47,237.94,-1.462,100.0,-1.471
2026-07-01,2026-06-30,V1,DVA,221.62,228.03,2.892,100.0,2.8882
2026-07-01,2026-06-30,V1,GL,178.98,180.07,0.609,100.0,0.605
2026-07-01,2026-06-30,V1,HST,23.46,23.35,-0.469,100.0,-0.4728
2026-07-01,2026-06-30,V1,NUE,220.27,219.02,-0.567,100.0,-0.5714
2026-07-01,2026-06-30,V1,UAL,136.12,135.13,-0.727,100.0,-0.7312
2026-07-01,2026-06-30,V1,WDC,604.56,598.37,-1.024,100.0,-1.0278
2026-07-01,2026-06-30,V1,DAL,94.47,93.06,-1.493,100.0,-1.4965
2026-07-01,2026-06-30,V1,STLD,226.11,221.76,-1.924,100.0,-1.9278
2026-07-01,2026-06-30,V1,SNDK,2085.1699,2032.22,-2.539,100.0,-2.5432
2026-07-01,2026-06-30,V1,MU,1082.01,1032.28,-4.596,100.0,-4.5999
2026-07-01,2026-06-30,V2,PTC,114.98,119.78,4.175,100.0,4.1705
2026-07-01,2026-06-30,V2,GEN,25.13,26.11,3.9,100.0,3.8956
2026-07-01,2026-06-30,V2,ALL,237.66,243.12,2.297,100.0,2.2933
2026-07-01,2026-06-30,V2,AIZ,269.43,274.14,1.748,100.0,1.7441
2026-07-01,2026-06-30,V2,NEM,92.38,93.3,0.996,100.0,0.9919
2026-07-01,2026-06-30,V2,TRV,331.89,334.62,0.823,100.0,0.8185
2026-07-01,2026-06-30,V2,CINF,185.86,187.21,0.726,100.0,0.7223
2026-07-01,2026-06-30,V2,CF,108.41,108.16,-0.231,100.0,-0.2346
2026-07-01,2026-06-30,V2,INCY,114.7,113.81,-0.776,100.0,-0.7799
2026-07-01,2026-06-30,V2,EQT,53.0,52.48,-0.981,100.0,-0.9851
2026-07-02,2026-07-01,V1,ALL,243.4,250.33,2.847,100.0,2.8462
2026-07-02,2026-07-01,V1,DVA,230.95,234.91,1.715,100.0,1.7137
2026-07-02,2026-07-01,V1,NUE,219.9,220.75,0.387,100.0,0.3856
2026-07-02,2026-07-01,V1,HST,23.51,23.35,-0.681,100.0,-0.6815
2026-07-02,2026-07-01,V1,DAL,94.92,92.75,-2.286,100.0,-2.287
2026-07-02,2026-07-01,V1,UAL,137.98,133.32,-3.377,100.0,-3.3782
2026-07-02,2026-07-01,V1,MU,1041.5,975.56,-6.331,100.0,-6.3321
2026-07-02,2026-07-01,V1,WDC,595.5,539.0,-9.488,100.0,-9.4887
2026-07-02,2026-07-01,V1,LRCX,391.06,351.41,-10.139,100.0,-10.1399
2026-07-02,2026-07-01,V1,SNDK,2043.8,1745.0,-14.62,100.0,-14.6206
2026-07-02,2026-07-01,V2,PTC,119.79,124.55,3.974,100.0,3.9727
2026-07-02,2026-07-01,V2,ALL,243.4,250.33,2.847,100.0,2.8462
2026-07-02,2026-07-01,V2,INCY,114.18,116.86,2.347,100.0,2.3462
2026-07-02,2026-07-01,V2,CF,108.29,110.54,2.078,100.0,2.0768
2026-07-02,2026-07-01,V2,GEN,26.17,26.67,1.911,100.0,1.9096
2026-07-02,2026-07-01,V2,TRV,336.03,342.31,1.869,100.0,1.8679
2026-07-02,2026-07-01,V2,CINF,188.65,192.03,1.792,100.0,1.7907
2026-07-02,2026-07-01,V2,AIZ,275.98,279.48,1.268,100.0,1.2673
2026-07-02,2026-07-01,V2,NEM,95.83,97.04,1.263,100.0,1.2617
2026-07-02,2026-07-01,V2,EQT,52.81,52.61,-0.379,100.0,-0.3796
2026-07-06,2026-07-03,V1,DELL,395.19,411.8,4.203,100.0,4.1863
2026-07-06,2026-07-03,V1,WDC,567.0,577.46,1.845,100.0,1.8285
2026-07-06,2026-07-03,V1,NUE,220.75,223.92,1.436,100.0,1.4198
2026-07-06,2026-07-03,V1,DVA,235.5,235.71,0.089,100.0,0.0731
2026-07-06,2026-07-03,V1,HST,23.45,23.25,-0.853,100.0,-0.8688
2026-07-06,2026-07-03,V1,DAL,93.29,91.68,-1.726,100.0,-1.7416
2026-07-06,2026-07-03,V1,UAL,134.99,132.5,-1.845,100.0,-1.8603
2026-07-06,2026-07-03,V1,MU,1007.0,984.75,-2.21,100.0,-2.2252
2026-07-06,2026-07-03,V1,SNDK,1828.6801,1744.4301,-4.607,100.0,-4.6224
2026-07-06,2026-07-03,V1,AMAT,627.76,592.79,-5.571,100.0,-5.5857
2026-07-06,2026-07-03,V2,CF,109.69,113.2,3.2,100.0,3.1834
2026-07-06,2026-07-03,V2,FSLR,229.7,233.06,1.463,100.0,1.4465
2026-07-06,2026-07-03,V2,GEN,26.39,26.6,0.796,100.0,0.7796
2026-07-06,2026-07-03,V2,NEM,98.01,98.2,0.194,100.0,0.1778
2026-07-06,2026-07-03,V2,ALL,249.05,248.37,-0.273,100.0,-0.289
2026-07-06,2026-07-03,V2,AIZ,280.11,279.28,-0.296,100.0,-0.3123
2026-07-06,2026-07-03,V2,CINF,190.55,189.59,-0.504,100.0,-0.5198
2026-07-06,2026-07-03,V2,INCY,116.37,115.62,-0.644,100.0,-0.6604
2026-07-06,2026-07-03,V2,TRV,341.68,339.17,-0.735,100.0,-0.7505
2026-07-06,2026-07-03,V2,EQT,52.56,51.71,-1.617,100.0,-1.633
2026-07-07,2026-07-06,V1,DELL,397.75,417.28,4.91,100.0,4.8857
2026-07-07,2026-07-06,V1,NUE,221.94,227.42,2.469,100.0,2.4452
2026-07-07,2026-07-06,V1,MU,923.01,938.38,1.665,100.0,1.6415
2026-07-07,2026-07-06,V1,WDC,532.4,532.1,-0.056,100.0,-0.0797
2026-07-07,2026-07-06,V1,SNDK,1619.28,1617.7,-0.098,100.0,-0.1209
2026-07-07,2026-07-06,V1,AIZ,281.7,280.11,-0.564,100.0,-0.5876
2026-07-07,2026-07-06,V1,HST,23.51,23.35,-0.681,100.0,-0.7037
2026-07-07,2026-07-06,V1,DVA,238.93,234.31,-1.934,100.0,-1.9565
2026-07-07,2026-07-06,V1,DAL,91.48,88.63,-3.115,100.0,-3.138
2026-07-07,2026-07-06,V1,UAL,132.62,128.31,-3.25,100.0,-3.2724
2026-07-07,2026-07-06,V2,CF,111.9,114.94,2.717,100.0,2.6928
2026-07-07,2026-07-06,V2,INCY,117.53,118.05,0.442,100.0,0.419
2026-07-07,2026-07-06,V2,AMP,505.77,507.84,0.409,100.0,0.3859
2026-07-07,2026-07-06,V2,TRV,343.51,343.73,0.064,100.0,0.0407
2026-07-07,2026-07-06,V2,EQT,51.77,51.76,-0.019,100.0,-0.0426
2026-07-07,2026-07-06,V2,ALL,252.59,251.46,-0.447,100.0,-0.4706
2026-07-07,2026-07-06,V2,AIZ,281.7,280.11,-0.564,100.0,-0.5876
2026-07-07,2026-07-06,V2,NEM,96.07,95.06,-1.051,100.0,-1.0744
2026-07-07,2026-07-06,V2,CINF,191.16,189.06,-1.099,100.0,-1.1216
2026-07-07,2026-07-06,V2,GEN,27.19,26.78,-1.508,100.0,-1.5309
2026-07-08,2026-07-07,V1,SNDK,1591.8,1727.1801,8.505,100.0,8.4723
2026-07-08,2026-07-07,V1,MU,902.64,948.8,5.114,100.0,5.0823
2026-07-08,2026-07-07,V1,WDC,526.0,550.3,4.62,100.0,4.5883
2026-07-08,2026-07-07,V1,AMD,504.81,517.41,2.496,100.0,2.4652
2026-07-08,2026-07-07,V1,DELL,422.88,431.97,2.15,100.0,2.1189
2026-07-08,2026-07-07,V1,DAL,86.79,87.29,0.576,100.0,0.5459
2026-07-08,2026-07-07,V1,NUE,227.49,226.68,-0.356,100.0,-0.386
2026-07-08,2026-07-07,V1,DVA,235.03,230.72,-1.834,100.0,-1.8633
2026-07-08,2026-07-07,V1,HST,23.42,22.76,-2.818,100.0,-2.8473
2026-07-08,2026-07-07,V1,MAS,78.08,75.75,-2.984,100.0,-3.0133
2026-07-08,2026-07-07,V2,MU,902.64,948.8,5.114,100.0,5.0823
2026-07-08,2026-07-07,V2,CF,116.32,117.02,0.602,100.0,0.5716
2026-07-08,2026-07-07,V2,FSLR,224.1,224.3,0.089,100.0,0.0592
2026-07-08,2026-07-07,V2,NEM,93.58,93.2,-0.406,100.0,-0.436
2026-07-08,2026-07-07,V2,INCY,118.06,117.26,-0.678,100.0,-0.7074
2026-07-08,2026-07-07,V2,ALL,254.15,251.17,-1.173,100.0,-1.2022
2026-07-08,2026-07-07,V2,AIZ,281.77,278.03,-1.327,100.0,-1.357
2026-07-08,2026-07-07,V2,EQT,51.88,51.16,-1.388,100.0,-1.4174
2026-07-08,2026-07-07,V2,GEN,26.76,25.81,-3.55,100.0,-3.579
2026-07-08,2026-07-07,V2,AMP,509.88,490.58,-3.785,100.0,-3.8141
2026-07-09,2026-07-08,V1,DELL,443.83,450.22,1.44,100.0,1.4234
2026-07-09,2026-07-08,V1,SNDK,1835.613,1858.27,1.234,100.0,1.218
2026-07-09,2026-07-08,V1,DAL,87.99,89.0,1.148,100.0,1.1316
2026-07-09,2026-07-08,V1,HST,22.92,23.16,1.047,100.0,1.0309
2026-07-09,2026-07-08,V1,AIZ,279.0,279.2,0.072,100.0,0.0556
2026-07-09,2026-07-08,V1,DVA,231.94,229.48,-1.061,100.0,-1.0765
2026-07-09,2026-07-08,V1,ALL,251.83,248.64,-1.267,100.0,-1.2826
2026-07-09,2026-07-08,V1,NUE,227.12,222.28,-2.131,100.0,-2.1468
2026-07-09,2026-07-08,V1,MU,1016.51,991.64,-2.447,100.0,-2.4623
2026-07-09,2026-07-08,V1,WDC,594.14,578.05,-2.708,100.0,-2.7238
2026-07-09,2026-07-08,V2,GEN,25.34,25.99,2.565,100.0,2.5486
2026-07-09,2026-07-08,V2,CPAY,344.3,351.16,1.992,100.0,1.9761
2026-07-09,2026-07-08,V2,AMP,495.1,500.16,1.022,100.0,1.0058
2026-07-09,2026-07-08,V2,AIZ,279.0,279.2,0.072,100.0,0.0556
2026-07-09,2026-07-08,V2,NEM,95.01,94.81,-0.211,100.0,-0.2265
2026-07-09,2026-07-08,V2,TRV,340.69,337.48,-0.942,100.0,-0.9581
2026-07-09,2026-07-08,V2,ALL,251.83,248.64,-1.267,100.0,-1.2826
2026-07-09,2026-07-08,V2,EQT,51.24,50.15,-2.127,100.0,-2.143
2026-07-09,2026-07-08,V2,CF,117.22,114.02,-2.73,100.0,-2.7455
2026-07-09,2026-07-08,V2,CINF,182.12,175.43,-3.673,100.0,-3.6889
2026-07-10,2026-07-09,V1,SNDK,1778.984,1915.92,7.697,100.0,7.683
2026-07-10,2026-07-09,V1,WDC,564.0,582.59,3.296,100.0,3.2822
2026-07-10,2026-07-09,V1,NUE,222.88,227.37,2.015,100.0,2.0008
2026-07-10,2026-07-09,V1,MU,964.98,979.3,1.484,100.0,1.4704
2026-07-10,2026-07-09,V1,DVA,230.91,232.8,0.819,100.0,0.805
2026-07-10,2026-07-09,V1,ALL,249.87,251.61,0.696,100.0,0.6829
2026-07-10,2026-07-09,V1,HST,23.12,23.18,0.26,100.0,0.2461
2026-07-10,2026-07-09,V1,AIZ,279.39,278.89,-0.179,100.0,-0.1924
2026-07-10,2026-07-09,V1,DAL,87.94,87.39,-0.625,100.0,-0.6388
2026-07-10,2026-07-09,V1,DELL,449.11,434.97,-3.148,100.0,-3.1614
2026-07-10,2026-07-09,V2,CF,114.88,116.92,1.776,100.0,1.7621
2026-07-10,2026-07-09,V2,NEM,93.8,95.29,1.588,100.0,1.5749
2026-07-10,2026-07-09,V2,ALL,249.87,251.61,0.696,100.0,0.6829
2026-07-10,2026-07-09,V2,TRV,337.38,338.92,0.456,100.0,0.443
2026-07-10,2026-07-09,V2,AIZ,279.39,278.89,-0.179,100.0,-0.1924
2026-07-10,2026-07-09,V2,AMP,508.8,506.76,-0.401,100.0,-0.4143
2026-07-10,2026-07-09,V2,FSLR,229.82,227.83,-0.866,100.0,-0.8792
2026-07-10,2026-07-09,V2,INCY,118.53,116.71,-1.535,100.0,-1.5487
2026-07-10,2026-07-09,V2,GEN,26.42,25.91,-1.93,100.0,-1.9435
2026-07-10,2026-07-09,V2,EQT,50.11,48.85,-2.514,100.0,-2.5276
2026-07-13,2026-07-10,V1,ALL,253.32,256.45,1.236,100.0,1.2329
2026-07-13,2026-07-10,V1,MRNA,66.33,67.01,1.025,100.0,1.0225
2026-07-13,2026-07-10,V1,DVA,233.35,235.58,0.956,100.0,0.9529
2026-07-13,2026-07-10,V1,MU,929.0,937.0,0.861,100.0,0.8584
2026-07-13,2026-07-10,V1,WDC,551.67,555.55,0.703,100.0,0.7006
2026-07-13,2026-07-10,V1,AIZ,280.9,279.88,-0.363,100.0,-0.3658
2026-07-13,2026-07-10,V1,HST,23.17,23.07,-0.432,100.0,-0.4343
2026-07-13,2026-07-10,V1,DELL,432.45,427.11,-1.235,100.0,-1.2375
2026-07-13,2026-07-10,V1,DAL,87.93,86.19,-1.979,100.0,-1.9815
2026-07-13,2026-07-10,V1,SNDK,1792.86,1673.97,-6.631,100.0,-6.6338
2026-07-13,2026-07-10,V2,AMP,503.53,518.23,2.919,100.0,2.9166
2026-07-13,2026-07-10,V2,CF,118.82,120.92,1.767,100.0,1.7647
2026-07-13,2026-07-10,V2,TRV,337.23,341.51,1.269,100.0,1.2664
2026-07-13,2026-07-10,V2,ALL,253.32,256.45,1.236,100.0,1.2329
2026-07-13,2026-07-10,V2,EQT,49.21,49.72,1.036,100.0,1.0337
2026-07-13,2026-07-10,V2,GEN,26.1,26.16,0.23,100.0,0.2272
2026-07-13,2026-07-10,V2,AIZ,280.9,279.88,-0.363,100.0,-0.3658
2026-07-13,2026-07-10,V2,NEM,93.73,93.1,-0.672,100.0,-0.6748
2026-07-13,2026-07-10,V2,FSLR,224.07,221.03,-1.357,100.0,-1.3594
2026-07-13,2026-07-10,V2,INCY,115.97,114.23,-1.5,100.0,-1.503
2026-07-14,2026-07-13,V1,DELL,441.9,457.54,3.539,100.0,3.5641
2026-07-14,2026-07-13,V1,BBY,81.71,83.98,2.778,100.0,2.8028
2026-07-14,2026-07-13,V1,HST,23.31,23.38,0.3,100.0,0.3244
2026-07-14,2026-07-13,V1,AIZ,277.37,276.98,-0.141,100.0,-0.1166
2026-07-14,2026-07-13,V1,MU,988.38,983.12,-0.532,100.0,-0.5083
2026-07-14,2026-07-13,V1,DVA,233.93,232.41,-0.65,100.0,-0.6259
2026-07-14,2026-07-13,V1,ALL,252.39,250.35,-0.808,100.0,-0.7844
2026-07-14,2026-07-13,V1,UAL,121.99,120.35,-1.344,100.0,-1.3207
2026-07-14,2026-07-13,V1,AMD,567.22,548.13,-3.366,100.0,-3.3423
2026-07-14,2026-07-13,V1,WDC,587.65,563.32,-4.14,100.0,-4.1172
2026-07-14,2026-07-13,V2,GEN,25.51,26.57,4.155,100.0,4.1803
2026-07-14,2026-07-13,V2,AMP,511.22,518.6,1.444,100.0,1.468
2026-07-14,2026-07-13,V2,INCY,114.26,114.88,0.543,100.0,0.5668
2026-07-14,2026-07-13,V2,EQT,49.8,49.81,0.02,100.0,0.0441
2026-07-14,2026-07-13,V2,AIZ,277.37,276.98,-0.141,100.0,-0.1166
2026-07-14,2026-07-13,V2,TRV,339.3,336.83,-0.728,100.0,-0.7041
2026-07-14,2026-07-13,V2,ALL,252.39,250.35,-0.808,100.0,-0.7844
2026-07-14,2026-07-13,V2,CF,121.71,119.19,-2.07,100.0,-2.047
2026-07-14,2026-07-13,V2,FSLR,227.55,220.58,-3.063,100.0,-3.0398
2026-07-14,2026-07-13,V2,NEM,97.81,94.75,-3.129,100.0,-3.1052
2026-07-15,2026-07-14,V1,MS,222.7,228.55,2.627,100.0,2.6104
2026-07-15,2026-07-14,V1,BBY,84.11,85.37,1.498,100.0,1.4817
2026-07-15,2026-07-14,V1,DVA,229.58,231.61,0.884,100.0,0.868
2026-07-15,2026-07-14,V1,AIZ,272.88,273.92,0.381,100.0,0.365
2026-07-15,2026-07-14,V1,UAL,121.52,120.97,-0.453,100.0,-0.4686
2026-07-15,2026-07-14,V1,ALL,241.13,239.48,-0.684,100.0,-0.7003
2026-07-15,2026-07-14,V1,MPC,301.53,299.18,-0.779,100.0,-0.7953
2026-07-15,2026-07-14,V1,MU,975.81,904.28,-7.33,100.0,-7.3452
2026-07-15,2026-07-14,V1,WDC,562.64,513.84,-8.673,100.0,-8.6881
2026-07-15,2026-07-14,V1,DELL,459.45,412.68,-10.18,100.0,-10.194
2026-07-15,2026-07-14,V2,AMP,518.88,527.28,1.619,100.0,1.6025
2026-07-15,2026-07-14,V2,PTC,122.89,123.61,0.586,100.0,0.5697
2026-07-15,2026-07-14,V2,AIZ,272.88,273.92,0.381,100.0,0.365
2026-07-15,2026-07-14,V2,FSLR,223.99,223.82,-0.076,100.0,-0.092
2026-07-15,2026-07-14,V2,NEM,95.43,95.21,-0.231,100.0,-0.2466
2026-07-15,2026-07-14,V2,TRV,330.0,329.19,-0.245,100.0,-0.2615
2026-07-15,2026-07-14,V2,CF,118.27,117.82,-0.38,100.0,-0.3965
2026-07-15,2026-07-14,V2,ALL,241.13,239.48,-0.684,100.0,-0.7003
2026-07-15,2026-07-14,V2,EQT,49.81,49.25,-1.124,100.0,-1.1402
2026-07-15,2026-07-14,V2,GEN,26.81,26.45,-1.343,100.0,-1.3586
2026-07-16,2026-07-15,V1,UAL,116.64,118.81,1.86,100.0,1.8441
2026-07-16,2026-07-15,V1,VLO,295.57,300.26,1.587,100.0,1.5705
2026-07-16,2026-07-15,V1,MPC,301.99,305.85,1.278,100.0,1.262
2026-07-16,2026-07-15,V1,DVA,231.72,234.01,0.988,100.0,0.9721
2026-07-16,2026-07-15,V1,AIZ,273.63,275.44,0.661,100.0,0.6454
2026-07-16,2026-07-15,V1,NUE,235.01,235.67,0.281,100.0,0.2648
2026-07-16,2026-07-15,V1,BBY,85.55,85.29,-0.304,100.0,-0.3198
2026-07-16,2026-07-15,V1,MU,866.77,853.2,-1.566,100.0,-1.5813
2026-07-16,2026-07-15,V1,DELL,404.49,391.38,-3.241,100.0,-3.2566
2026-07-16,2026-07-15,V1,GS,1147.65,1095.46,-4.548,100.0,-4.5628
2026-07-16,2026-07-15,V2,TRV,329.0,337.82,2.681,100.0,2.6644
2026-07-16,2026-07-15,V2,AMP,520.05,533.21,2.531,100.0,2.5142
2026-07-16,2026-07-15,V2,INCY,115.01,116.65,1.426,100.0,1.4098
2026-07-16,2026-07-15,V2,AIZ,273.63,275.44,0.661,100.0,0.6454
2026-07-16,2026-07-15,V2,GEN,26.85,27.01,0.596,100.0,0.5798
2026-07-16,2026-07-15,V2,ALL,241.42,241.86,0.182,100.0,0.1662
2026-07-16,2026-07-15,V2,EQT,49.55,49.4,-0.303,100.0,-0.3186
2026-07-16,2026-07-15,V2,CF,119.52,118.66,-0.72,100.0,-0.7354
2026-07-16,2026-07-15,V2,NEM,93.62,90.83,-2.98,100.0,-2.9956
2026-07-16,2026-07-15,V2,FSLR,219.81,211.93,-3.585,100.0,-3.6003
2026-07-17,2026-07-16,V1,DELL,376.85,396.34,5.172,100.0,5.169
2026-07-17,2026-07-16,V1,CNC,64.13,66.44,3.602,100.0,3.5993
2026-07-17,2026-07-16,V1,MU,822.53,848.95,3.212,100.0,3.2093
2026-07-17,2026-07-16,V1,NUE,232.04,236.61,1.969,100.0,1.9667
2026-07-17,2026-07-16,V1,VLO,306.28,309.65,1.1,100.0,1.0976
2026-07-17,2026-07-16,V1,AIZ,275.79,276.84,0.381,100.0,0.378
2026-07-17,2026-07-16,V1,UAL,115.6,115.41,-0.164,100.0,-0.167
2026-07-17,2026-07-16,V1,BBY,85.9,85.41,-0.57,100.0,-0.5731
2026-07-17,2026-07-16,V1,GS,1071.64,1065.22,-0.599,100.0,-0.6018
2026-07-17,2026-07-16,V1,SNDK,1365.205,1354.8199,-0.761,100.0,-0.7634
2026-07-17,2026-07-16,V2,TRV,342.66,368.98,7.681,100.0,7.6782
2026-07-17,2026-07-16,V2,FSLR,207.15,211.99,2.336,100.0,2.3337
2026-07-17,2026-07-16,V2,ALL,245.54,249.9,1.776,100.0,1.7729
2026-07-17,2026-07-16,V2,CF,119.96,121.42,1.217,100.0,1.2144
2026-07-17,2026-07-16,V2,AMP,523.8,527.87,0.777,100.0,0.7743
2026-07-17,2026-07-16,V2,AIZ,275.79,276.84,0.381,100.0,0.378
2026-07-17,2026-07-16,V2,GEN,26.66,26.74,0.3,100.0,0.2974
2026-07-17,2026-07-16,V2,UAL,115.6,115.41,-0.164,100.0,-0.167
2026-07-17,2026-07-16,V2,NEM,89.85,89.7,-0.167,100.0,-0.1696
2026-07-17,2026-07-16,V2,EQT,50.08,49.56,-1.038,100.0,-1.041
2026-07-20,2026-07-17,V1,CF,121.1,123.57,2.04,100.0,2.0245
2026-07-20,2026-07-17,V1,ALL,248.87,253.73,1.953,100.0,1.9378
2026-07-20,2026-07-17,V1,MPC,312.95,315.31,0.754,100.0,0.7392
2026-07-20,2026-07-17,V1,TRV,367.6,368.5,0.245,100.0,0.23
2026-07-20,2026-07-17,V1,JBHT,291.14,290.61,-0.182,100.0,-0.1968
2026-07-20,2026-07-17,V1,AIZ,276.84,275.47,-0.495,100.0,-0.5096
2026-07-20,2026-07-17,V1,BBY,85.71,85.13,-0.677,100.0,-0.6914
2026-07-20,2026-07-17,V1,WDC,491.36,487.42,-0.802,100.0,-0.8165
2026-07-20,2026-07-17,V1,MU,885.57,865.46,-2.271,100.0,-2.2853
2026-07-20,2026-07-17,V1,DELL,400.29,381.88,-4.599,100.0,-4.6133
2026-07-20,2026-07-17,V2,CF,121.1,123.57,2.04,100.0,2.0245
2026-07-20,2026-07-17,V2,ALL,248.87,253.73,1.953,100.0,1.9378
2026-07-20,2026-07-17,V2,TRV,367.6,368.5,0.245,100.0,0.23
2026-07-20,2026-07-17,V2,GEN,26.62,26.68,0.225,100.0,0.2106
2026-07-20,2026-07-17,V2,AMP,528.76,526.22,-0.48,100.0,-0.4951
2026-07-20,2026-07-17,V2,AIZ,276.84,275.47,-0.495,100.0,-0.5096
2026-07-20,2026-07-17,V2,EQT,49.39,49.05,-0.688,100.0,-0.7031
2026-07-20,2026-07-17,V2,NEM,90.1,89.2,-0.999,100.0,-1.0135
2026-07-20,2026-07-17,V2,INCY,117.62,115.65,-1.675,100.0,-1.6894
2026-07-20,2026-07-17,V2,FSLR,215.14,205.31,-4.569,100.0,-4.5832
2026-07-21,2026-07-20,V1,MU,925.35,970.82,4.914,100.0,4.9152
2026-07-21,2026-07-20,V1,DELL,394.5,404.15,2.446,100.0,2.4475
2026-07-21,2026-07-20,V1,TRV,366.68,369.63,0.805,100.0,0.8059
2026-07-21,2026-07-20,V1,BBY,84.62,85.22,0.709,100.0,0.7104
2026-07-21,2026-07-20,V1,AIZ,275.28,275.84,0.203,100.0,0.2048
2026-07-21,2026-07-20,V1,ALL,251.79,251.74,-0.02,100.0,-0.0185
2026-07-21,2026-07-20,V1,DAL,85.0,84.63,-0.435,100.0,-0.434
2026-07-21,2026-07-20,V1,CF,124.19,122.96,-0.99,100.0,-0.9891
2026-07-21,2026-07-20,V1,MNST,48.04,47.23,-1.686,100.0,-1.6848
2026-07-21,2026-07-20,V1,FTNT,163.38,158.1,-3.232,100.0,-3.2304
2026-07-21,2026-07-20,V2,INCY,115.36,117.39,1.76,100.0,1.7611
2026-07-21,2026-07-20,V2,EQT,49.09,49.8,1.446,100.0,1.4477
2026-07-21,2026-07-20,V2,NEM,91.43,92.49,1.159,100.0,1.1607
2026-07-21,2026-07-20,V2,TRV,366.68,369.63,0.805,100.0,0.8059
2026-07-21,2026-07-20,V2,AIZ,275.28,275.84,0.203,100.0,0.2048
2026-07-21,2026-07-20,V2,AMP,527.9,528.37,0.089,100.0,0.0904
2026-07-21,2026-07-20,V2,ALL,251.79,251.74,-0.02,100.0,-0.0185
2026-07-21,2026-07-20,V2,CF,124.19,122.96,-0.99,100.0,-0.9891
2026-07-21,2026-07-20,V2,FSLR,209.76,206.05,-1.769,100.0,-1.7674
2026-07-21,2026-07-20,V2,GEN,26.65,26.11,-2.026,100.0,-2.0249
2026-07-22,2026-07-21,V1,DELL,414.34,441.8,6.627,100.0,6.6246
2026-07-22,2026-07-21,V1,WDC,525.74,556.67,5.883,100.0,5.8803
2026-07-22,2026-07-21,V1,MU,938.25,959.48,2.263,100.0,2.26
2026-07-22,2026-07-21,V1,TRV,368.14,372.08,1.07,100.0,1.0675
2026-07-22,2026-07-21,V1,ALL,250.53,251.83,0.519,100.0,0.5162
2026-07-22,2026-07-21,V1,DVA,237.11,232.08,-2.121,100.0,-2.124
2026-07-22,2026-07-21,V1,FTNT,158.57,155.05,-2.22,100.0,-2.2225
2026-07-22,2026-07-21,V1,PANW,342.98,335.28,-2.245,100.0,-2.2476
2026-07-22,2026-07-21,V1,DDOG,251.77,245.77,-2.383,100.0,-2.3857
2026-07-22,2026-07-21,V1,MPC,326.67,315.82,-3.321,100.0,-3.324
2026-07-22,2026-07-21,V2,WDC,525.74,556.67,5.883,100.0,5.8803
2026-07-22,2026-07-21,V2,MU,938.25,959.48,2.263,100.0,2.26
2026-07-22,2026-07-21,V2,NEM,94.32,95.75,1.516,100.0,1.5134
2026-07-22,2026-07-21,V2,CF,125.84,127.35,1.2,100.0,1.1972
2026-07-22,2026-07-21,V2,FSLR,206.42,208.86,1.182,100.0,1.1794
2026-07-22,2026-07-21,V2,TRV,368.14,372.08,1.07,100.0,1.0675
2026-07-22,2026-07-21,V2,ALL,250.53,251.83,0.519,100.0,0.5162
2026-07-22,2026-07-21,V2,CB,345.5,343.23,-0.657,100.0,-0.6597
2026-07-22,2026-07-21,V2,EOG,145.24,144.0,-0.854,100.0,-0.8564
2026-07-22,2026-07-21,V2,PTC,121.85,113.11,-7.173,100.0,-7.1752
2026-07-23,2026-07-22,V1,MU,975.13,990.21,1.546,100.0,1.5519
2026-07-23,2026-07-22,V1,DVA,231.56,234.27,1.17,100.0,1.1757
2026-07-23,2026-07-22,V1,ALL,252.81,254.52,0.676,100.0,0.6818
2026-07-23,2026-07-22,V1,TRV,374.0,376.37,0.634,100.0,0.6391
2026-07-23,2026-07-22,V1,AIZ,272.2,273.8,0.588,100.0,0.5932
2026-07-23,2026-07-22,V1,DELL,438.0,439.34,0.306,100.0,0.3113
2026-07-23,2026-07-22,V1,CNC,63.95,63.74,-0.328,100.0,-0.323
2026-07-23,2026-07-22,V1,DDOG,246.57,244.39,-0.884,100.0,-0.8788
2026-07-23,2026-07-22,V1,BBY,87.02,84.43,-2.976,100.0,-2.9711
2026-07-23,2026-07-22,V1,MPC,323.4,312.27,-3.442,100.0,-3.4364
2026-07-23,2026-07-22,V2,INCY,115.04,116.69,1.434,100.0,1.4397
2026-07-23,2026-07-22,V2,NEM,93.64,94.72,1.153,100.0,1.1588
2026-07-23,2026-07-22,V2,ALL,252.81,254.52,0.676,100.0,0.6818
2026-07-23,2026-07-22,V2,TRV,374.0,376.37,0.634,100.0,0.6391
2026-07-23,2026-07-22,V2,AIZ,272.2,273.8,0.588,100.0,0.5932
2026-07-23,2026-07-22,V2,FSLR,207.55,205.92,-0.785,100.0,-0.78
2026-07-23,2026-07-22,V2,PTC,114.38,113.05,-1.163,100.0,-1.1575
2026-07-23,2026-07-22,V2,AMP,531.37,520.11,-2.119,100.0,-2.1138
2026-07-23,2026-07-22,V2,GEN,25.66,25.07,-2.299,100.0,-2.2941
2026-07-23,2026-07-22,V2,CF,130.0,126.71,-2.531,100.0,-2.5255
2026-07-24,2026-07-23,V1,TRV,378.53,387.26,2.306,100.0,2.3049
2026-07-24,2026-07-23,V1,ALL,254.38,259.97,2.197,100.0,2.1961
2026-07-24,2026-07-23,V1,BBY,83.85,85.43,1.884,100.0,1.883
2026-07-24,2026-07-23,V1,AIZ,274.02,276.94,1.066,100.0,1.0643
2026-07-24,2026-07-23,V1,DVA,235.01,235.44,0.183,100.0,0.1816
2026-07-24,2026-07-23,V1,FTNT,152.7,152.37,-0.216,100.0,-0.2174
2026-07-24,2026-07-23,V1,DDOG,248.44,246.86,-0.636,100.0,-0.6373
2026-07-24,2026-07-23,V1,MPC,311.7,309.24,-0.789,100.0,-0.7905
2026-07-24,2026-07-23,V1,CNC,64.19,63.41,-1.215,100.0,-1.2165
2026-07-24,2026-07-23,V1,MU,959.03,920.95,-3.971,100.0,-3.972
2026-07-24,2026-07-23,V2,PTC,115.18,118.52,2.9,100.0,2.8984
2026-07-24,2026-07-23,V2,TRV,378.53,387.26,2.306,100.0,2.3049
2026-07-24,2026-07-23,V2,ALL,254.38,259.97,2.197,100.0,2.1961
2026-07-24,2026-07-23,V2,AMP,519.41,528.9,1.827,100.0,1.8257
2026-07-24,2026-07-23,V2,GEN,25.47,25.84,1.453,100.0,1.4513
2026-07-24,2026-07-23,V2,AIZ,274.02,276.94,1.066,100.0,1.0643
2026-07-24,2026-07-23,V2,INCY,117.71,117.67,-0.034,100.0,-0.0353
2026-07-24,2026-07-23,V2,NEM,93.74,93.19,-0.587,100.0,-0.588
2026-07-24,2026-07-23,V2,CF,126.49,125.07,-1.123,100.0,-1.1239
2026-07-24,2026-07-23,V2,FSLR,205.92,202.82,-1.505,100.0,-1.5067
2026-07-27,2026-07-24,V1,HPQ,25.98,26.55,2.194,100.0,2.2104
2026-07-27,2026-07-24,V1,MPC,306.68,312.35,1.849,100.0,1.8652
2026-07-27,2026-07-24,V1,BEN,32.87,33.22,1.065,100.0,1.081
2026-07-27,2026-07-24,V1,DVA,235.53,236.31,0.331,100.0,0.3472
2026-07-27,2026-07-24,V1,ALL,260.7,261.27,0.219,100.0,0.2347
2026-07-27,2026-07-24,V1,AIZ,277.19,276.87,-0.115,100.0,-0.0994
2026-07-27,2026-07-24,V1,DDOG,254.485,251.86,-1.031,100.0,-1.0156
2026-07-27,2026-07-24,V1,FTNT,157.13,152.38,-3.023,100.0,-3.0074
2026-07-27,2026-07-24,V1,CRWD,187.905,180.11,-4.148,100.0,-4.133
2026-07-27,2026-07-24,V1,AMD,527.51,494.95,-6.172,100.0,-6.1574
2026-07-27,2026-07-24,V2,UHS,157.0,159.31,1.471,100.0,1.4876
2026-07-27,2026-07-24,V2,INCY,117.67,118.87,1.02,100.0,1.036
2026-07-27,2026-07-24,V2,FRT,126.02,127.13,0.881,100.0,0.897
2026-07-27,2026-07-24,V2,ACGL,103.37,103.88,0.493,100.0,0.5095
2026-07-27,2026-07-24,V2,ALL,260.7,261.27,0.219,100.0,0.2347
2026-07-27,2026-07-24,V2,AIZ,277.19,276.87,-0.115,100.0,-0.0994
2026-07-27,2026-07-24,V2,NTRS,182.85,182.52,-0.18,100.0,-0.1645
2026-07-27,2026-07-24,V2,HIG,140.8,140.14,-0.469,100.0,-0.4528
2026-07-27,2026-07-24,V2,NXPI,272.72,267.67,-1.852,100.0,-1.836
2026-07-27,2026-07-24,V2,GS,1080.1801,1048.23,-2.958,100.0,-2.9423
2026-07-28,2026-07-27,V1,HPQ,26.92,28.29,5.089,100.0,5.0808
2026-07-28,2026-07-27,V1,ALL,263.25,272.42,3.483,100.0,3.4751
2026-07-28,2026-07-27,V1,HST,24.98,25.47,1.962,100.0,1.9534
2026-07-28,2026-07-27,V1,DVA,237.67,239.46,0.753,100.0,0.7451
2026-07-28,2026-07-27,V1,TRV,394.87,397.22,0.595,100.0,0.5871
2026-07-28,2026-07-27,V1,BBY,89.1,89.47,0.415,100.0,0.4073
2026-07-28,2026-07-27,V1,CPAY,383.5,384.32,0.214,100.0,0.2058
2026-07-28,2026-07-27,V1,VLO,304.9,298.88,-1.974,100.0,-1.9822
2026-07-28,2026-07-27,V1,MPC,313.19,306.05,-2.28,100.0,-2.2876
2026-07-28,2026-07-27,V1,DELL,401.26,392.1,-2.283,100.0,-2.2906
2026-07-28,2026-07-27,V2,INCY,119.0,129.93,9.185,100.0,9.1762
2026-07-28,2026-07-27,V2,HPQ,26.92,28.29,5.089,100.0,5.0808
2026-07-28,2026-07-27,V2,ALL,263.25,272.42,3.483,100.0,3.4751
2026-07-28,2026-07-27,V2,AIZ,277.29,283.08,2.088,100.0,2.0799
2026-07-28,2026-07-27,V2,GEN,27.02,27.58,2.073,100.0,2.0644
2026-07-28,2026-07-27,V2,CF,121.49,122.92,1.177,100.0,1.169
2026-07-28,2026-07-27,V2,TRV,394.87,397.22,0.595,100.0,0.5871
2026-07-28,2026-07-27,V2,CPAY,383.5,384.32,0.214,100.0,0.2058
2026-07-28,2026-07-27,V2,PTC,127.44,127.51,0.055,100.0,0.0469
2026-07-28,2026-07-27,V2,EOG,141.07,139.64,-1.014,100.0,-1.0216
2026-07-29,2026-07-28,V1,FTNT,148.27,153.22,3.339,100.0,3.3124
2026-07-29,2026-07-28,V1,BBY,89.0,90.17,1.315,100.0,1.289
2026-07-29,2026-07-28,V1,ALL,271.0,274.39,1.251,100.0,1.2254
2026-07-29,2026-07-28,V1,HPQ,28.09,28.41,1.139,100.0,1.1137
2026-07-29,2026-07-28,V1,NTAP,173.55,173.23,-0.184,100.0,-0.2096
2026-07-29,2026-07-28,V1,MPC,312.85,308.72,-1.32,100.0,-1.345
2026-07-29,2026-07-28,V1,INCY,128.87,127.1,-1.373,100.0,-1.3984
2026-07-29,2026-07-28,V1,TRV,396.05,389.01,-1.778,100.0,-1.8023
2026-07-29,2026-07-28,V1,DELL,388.5,369.64,-4.855,100.0,-4.8786
2026-07-29,2026-07-28,V1,MU,833.0,739.0,-11.285,100.0,-11.3069
2026-07-29,2026-07-28,V2,PTC,127.7,132.46,3.727,100.0,3.7013
2026-07-29,2026-07-28,V2,ALL,271.0,274.39,1.251,100.0,1.2254
2026-07-29,2026-07-28,V2,CF,125.81,127.35,1.224,100.0,1.1985
2026-07-29,2026-07-28,V2,EOG,144.93,145.94,0.697,100.0,0.6715
2026-07-29,2026-07-28,V2,CINF,180.65,181.33,0.376,100.0,0.3511
2026-07-29,2026-07-28,V2,AIZ,281.96,281.0,-0.34,100.0,-0.3656
2026-07-29,2026-07-28,V2,GEN,27.8,27.63,-0.612,100.0,-0.6366
2026-07-29,2026-07-28,V2,INCY,128.87,127.1,-1.373,100.0,-1.3984
2026-07-29,2026-07-28,V2,TRV,396.05,389.01,-1.778,100.0,-1.8023
2026-07-29,2026-07-28,V2,FSLR,203.0,199.24,-1.852,100.0,-1.877
2026-07-30,2026-07-29,V1,MU,793.14,874.66,10.278,100.0,10.289
2026-07-30,2026-07-29,V1,DELL,384.89,404.81,5.176,100.0,5.1859
2026-07-30,2026-07-29,V1,CPAY,389.55,390.12,0.146,100.0,0.1562
2026-07-30,2026-07-29,V1,NTAP,174.01,173.98,-0.017,100.0,-0.0073
2026-07-30,2026-07-29,V1,GEN,27.3,27.29,-0.037,100.0,-0.0267
2026-07-30,2026-07-29,V1,INCY,123.99,122.99,-0.807,100.0,-0.7967
2026-07-30,2026-07-29,V1,ALL,270.29,265.38,-1.817,100.0,-1.8068
2026-07-30,2026-07-29,V1,HPQ,27.37,26.86,-1.863,100.0,-1.8536
2026-07-30,2026-07-29,V1,TRV,386.27,375.99,-2.661,100.0,-2.6517
2026-07-30,2026-07-29,V1,FTNT,164.0,154.25,-5.945,100.0,-5.9358
2026-07-30,2026-07-29,V2,PTC,135.6,136.3,0.516,100.0,0.5262
2026-07-30,2026-07-29,V2,FSLR,205.3,206.01,0.346,100.0,0.3558
2026-07-30,2026-07-29,V2,AIZ,281.6,282.46,0.305,100.0,0.3153
2026-07-30,2026-07-29,V2,CF,125.56,125.77,0.167,100.0,0.1772
2026-07-30,2026-07-29,V2,CPAY,389.55,390.12,0.146,100.0,0.1562
2026-07-30,2026-07-29,V2,GEN,27.3,27.29,-0.037,100.0,-0.0267
2026-07-30,2026-07-29,V2,INCY,123.99,122.99,-0.807,100.0,-0.7967
2026-07-30,2026-07-29,V2,ALL,270.29,265.38,-1.817,100.0,-1.8068
2026-07-30,2026-07-29,V2,TRV,386.27,375.99,-2.661,100.0,-2.6517
2026-07-30,2026-07-29,V2,CINF,179.92,174.73,-2.885,100.0,-2.875
2026-07-31,2026-07-30,V1,HPQ,26.5,27.27,2.906,100.0,2.9057
2026-07-31,2026-07-30,V1,GEN,27.14,27.45,1.142,100.0,1.1422
2026-07-31,2026-07-30,V1,ALL,262.8,264.08,0.487,100.0,0.4871
2026-07-31,2026-07-30,V1,TRV,373.99,374.36,0.099,100.0,0.0989
2026-07-31,2026-07-30,V1,NTAP,179.27,178.5,-0.43,100.0,-0.4295
2026-07-31,2026-07-30,V1,CPAY,386.35,382.11,-1.097,100.0,-1.0975
2026-07-31,2026-07-30,V1,BBY,87.45,86.26,-1.361,100.0,-1.3608
2026-07-31,2026-07-30,V1,HUM,371.69,363.86,-2.107,100.0,-2.1066
2026-07-31,2026-07-30,V1,INCY,122.75,119.52,-2.631,100.0,-2.6314
2026-07-31,2026-07-30,V1,MU,919.65,823.03,-10.506,100.0,-10.5062
2026-07-31,2026-07-30,V2,CINF,173.62,177.68,2.338,100.0,2.3384
2026-07-31,2026-07-30,V2,EOG,146.84,148.69,1.26,100.0,1.2599
2026-07-31,2026-07-30,V2,GEN,27.14,27.45,1.142,100.0,1.1422
2026-07-31,2026-07-30,V2,PTC,135.73,137.2,1.083,100.0,1.083
2026-07-31,2026-07-30,V2,ALL,262.8,264.08,0.487,100.0,0.4871
2026-07-31,2026-07-30,V2,TRV,373.99,374.36,0.099,100.0,0.0989
2026-07-31,2026-07-30,V2,AIZ,280.21,279.19,-0.364,100.0,-0.364
2026-07-31,2026-07-30,V2,CF,126.0,125.19,-0.643,100.0,-0.6429
2026-07-31,2026-07-30,V2,FSLR,212.78,211.03,-0.822,100.0,-0.8224
2026-07-31,2026-07-30,V2,INCY,122.75,119.52,-2.631,100.0,-2.6314
2026-08-03,2026-07-31,V1,DELL,397.68,429.02,7.881,100.0,7.8618
2026-08-03,2026-07-31,V1,MU,786.36,829.5,5.486,100.0,5.4675
2026-08-03,2026-07-31,V1,AIZ,280.52,282.39,0.667,100.0,0.649
2026-08-03,2026-07-31,V1,CPAY,384.66,385.78,0.291,100.0,0.2736
2026-08-03,2026-07-31,V1,GEN,28.31,28.17,-0.495,100.0,-0.512
2026-08-03,2026-07-31,V1,ALL,264.07,262.68,-0.526,100.0,-0.5438
2026-08-03,2026-07-31,V1,TRV,377.08,373.82,-0.865,100.0,-0.8819
2026-08-03,2026-07-31,V1,VLO,311.94,307.54,-1.411,100.0,-1.4278
2026-08-03,2026-07-31,V1,INCY,120.22,118.43,-1.489,100.0,-1.5062
2026-08-03,2026-07-31,V1,HPQ,27.91,27.12,-2.831,100.0,-2.8476
2026-08-03,2026-07-31,V2,AIZ,280.52,282.39,0.667,100.0,0.649
2026-08-03,2026-07-31,V2,EOG,145.01,145.68,0.462,100.0,0.4444
2026-08-03,2026-07-31,V2,CINF,178.31,178.03,-0.157,100.0,-0.1745
2026-08-03,2026-07-31,V2,GEN,28.31,28.17,-0.495,100.0,-0.512
2026-08-03,2026-07-31,V2,ALL,264.07,262.68,-0.526,100.0,-0.5438
2026-08-03,2026-07-31,V2,TRV,377.08,373.82,-0.865,100.0,-0.8819
2026-08-03,2026-07-31,V2,VLO,311.94,307.54,-1.411,100.0,-1.4278
2026-08-03,2026-07-31,V2,INCY,120.22,118.43,-1.489,100.0,-1.5062
2026-08-03,2026-07-31,V2,HPQ,27.91,27.12,-2.831,100.0,-2.8476
2026-08-03,2026-07-31,V2,CF,123.0,118.3,-3.821,100.0,-3.838
2026-08-04,2026-08-03,V1,DELL,449.28,467.27,4.004,100.0,4.0123
2026-08-04,2026-08-03,V1,CPAY,382.99,396.52,3.533,100.0,3.5408
2026-08-04,2026-08-03,V1,BBY,83.67,86.35,3.203,100.0,3.2111
2026-08-04,2026-08-03,V1,MU,866.82,892.67,2.982,100.0,2.9902
2026-08-04,2026-08-03,V1,ALL,257.26,262.56,2.06,100.0,2.0681
2026-08-04,2026-08-03,V1,TRV,370.32,377.15,1.844,100.0,1.8523
2026-08-04,2026-08-03,V1,VLO,305.0,308.73,1.223,100.0,1.2308
2026-08-04,2026-08-03,V1,GEN,28.17,28.27,0.355,100.0,0.3628
2026-08-04,2026-08-03,V1,DVA,228.0,227.99,-0.004,100.0,0.0034
2026-08-04,2026-08-03,V1,HUM,374.62,362.16,-3.326,100.0,-3.3185
2026-08-04,2026-08-03,V2,MU,866.82,892.67,2.982,100.0,2.9902
2026-08-04,2026-08-03,V2,CINF,175.54,179.42,2.21,100.0,2.2183
2026-08-04,2026-08-03,V2,ALL,257.26,262.56,2.06,100.0,2.0681
2026-08-04,2026-08-03,V2,TRV,370.32,377.15,1.844,100.0,1.8523
2026-08-04,2026-08-03,V2,INCY,119.08,120.6,1.276,100.0,1.2843
2026-08-04,2026-08-03,V2,VLO,305.0,308.73,1.223,100.0,1.2308
2026-08-04,2026-08-03,V2,CF,117.0,118.11,0.949,100.0,0.9566
2026-08-04,2026-08-03,V2,EOG,142.79,143.52,0.511,100.0,0.5191
2026-08-04,2026-08-03,V2,GEN,28.17,28.27,0.355,100.0,0.3628
2026-08-04,2026-08-03,V2,WDC,555.01,548.56,-1.162,100.0,-1.1544
2026-08-05,2026-08-04,V1,TRV,378.19,382.45,1.126,100.0,1.1319
2026-08-05,2026-08-04,V1,BBY,84.49,84.5,0.012,100.0,0.0172
2026-08-05,2026-08-04,V1,DELL,466.6,462.7,-0.836,100.0,-0.8305
2026-08-05,2026-08-04,V1,CPAY,400.0,394.53,-1.368,100.0,-1.3622
2026-08-05,2026-08-04,V1,PYPL,59.068,57.93,-1.927,100.0,-1.9213
2026-08-05,2026-08-04,V1,GEN,28.5,27.95,-1.93,100.0,-1.9245
2026-08-05,2026-08-04,V1,INCY,123.99,119.8,-3.379,100.0,-3.3741
2026-08-05,2026-08-04,V1,FTNT,170.35,164.13,-3.651,100.0,-3.6461
2026-08-05,2026-08-04,V1,VLO,315.0,302.39,-4.003,100.0,-3.998
2026-08-05,2026-08-04,V1,DVA,205.25,188.69,-8.068,100.0,-8.0633
2026-08-05,2026-08-04,V2,TRV,378.19,382.45,1.126,100.0,1.1319
2026-08-05,2026-08-04,V2,ALL,264.65,264.59,-0.023,100.0,-0.0173
2026-08-05,2026-08-04,V2,TROW,115.47,114.98,-0.424,100.0,-0.419
2026-08-05,2026-08-04,V2,CF,118.47,116.71,-1.486,100.0,-1.4803
2026-08-05,2026-08-04,V2,CINF,180.84,177.79,-1.687,100.0,-1.6813
2026-08-05,2026-08-04,V2,GEN,28.5,27.95,-1.93,100.0,-1.9245
2026-08-05,2026-08-04,V2,CVX,191.19,186.41,-2.5,100.0,-2.4949
2026-08-05,2026-08-04,V2,INCY,123.99,119.8,-3.379,100.0,-3.3741
2026-08-05,2026-08-04,V2,VLO,315.0,302.39,-4.003,100.0,-3.998
2026-08-05,2026-08-04,V2,EOG,143.5,134.23,-6.46,100.0,-6.4549
2026-08-06,2026-08-05,V1,CPAY,388.85,398.28,2.425,100.0,2.4127
2026-08-06,2026-08-05,V1,GEN,27.44,28.1,2.405,100.0,2.3928
2026-08-06,2026-08-05,V1,TRV,385.4,386.0,0.156,100.0,0.1435
2026-08-06,2026-08-05,V1,FTNT,160.07,160.11,0.025,100.0,0.0129
2026-08-06,2026-08-05,V1,NUE,274.52,272.0,-0.918,100.0,-0.93
2026-08-06,2026-08-05,V1,MPC,303.17,299.25,-1.293,100.0,-1.305
2026-08-06,2026-08-05,V1,VLO,307.0,302.99,-1.306,100.0,-1.3182
2026-08-06,2026-08-05,V1,DELL,450.55,437.65,-2.863,100.0,-2.8749
2026-08-06,2026-08-05,V1,BBY,84.41,80.02,-5.201,100.0,-5.2123
2026-08-06,2026-08-05,V1,EXPE,325.0,306.57,-5.671,100.0,-5.6822
2026-08-06,2026-08-05,V2,CF,111.99,116.73,4.233,100.0,4.2199
2026-08-06,2026-08-05,V2,CPAY,388.85,398.28,2.425,100.0,2.4127
2026-08-06,2026-08-05,V2,GEN,27.44,28.1,2.405,100.0,2.3928
2026-08-06,2026-08-05,V2,ALL,273.78,275.11,0.486,100.0,0.4736
2026-08-06,2026-08-05,V2,TRV,385.4,386.0,0.156,100.0,0.1435
2026-08-06,2026-08-05,V2,EOG,136.55,136.2,-0.256,100.0,-0.2684
2026-08-06,2026-08-05,V2,CINF,179.69,179.04,-0.362,100.0,-0.3738
2026-08-06,2026-08-05,V2,INCY,119.8,118.38,-1.185,100.0,-1.1973
2026-08-06,2026-08-05,V2,MPC,303.17,299.25,-1.293,100.0,-1.305
2026-08-06,2026-08-05,V2,VLO,307.0,302.99,-1.306,100.0,-1.3182
2026-08-07,2026-08-06,V1,BBY,79.63,82.0,2.976,100.0,2.9666
2026-08-07,2026-08-06,V1,MPC,295.14,298.2,1.037,100.0,1.0273
2026-08-07,2026-08-06,V1,PSX,202.44,203.91,0.726,100.0,0.7167
2026-08-07,2026-08-06,V1,NUE,271.0,272.63,0.601,100.0,0.592
2026-08-07,2026-08-06,V1,GEN,29.0,29.17,0.586,100.0,0.5767
2026-08-07,2026-08-06,V1,TRV,383.97,384.31,0.089,100.0,0.0791
2026-08-07,2026-08-06,V1,VLO,298.5,298.31,-0.064,100.0,-0.0731
2026-08-07,2026-08-06,V1,CPAY,398.49,392.94,-1.393,100.0,-1.402
2026-08-07,2026-08-06,V1,ALL,272.09,267.0,-1.871,100.0,-1.8799
2026-08-07,2026-08-06,V1,MU,903.6,877.57,-2.881,100.0,-2.8898
2026-08-07,2026-08-06,V2,INCY,118.56,120.56,1.687,100.0,1.6773
2026-08-07,2026-08-06,V2,MPC,295.14,298.2,1.037,100.0,1.0273
2026-08-07,2026-08-06,V2,GEN,29.0,29.17,0.586,100.0,0.5767
2026-08-07,2026-08-06,V2,EOG,134.3,134.74,0.328,100.0,0.3182
2026-08-07,2026-08-06,V2,TRV,383.97,384.31,0.089,100.0,0.0791
2026-08-07,2026-08-06,V2,CF,114.4,114.35,-0.044,100.0,-0.0531
2026-08-07,2026-08-06,V2,VLO,298.5,298.31,-0.064,100.0,-0.0731
2026-08-07,2026-08-06,V2,CINF,178.71,176.86,-1.035,100.0,-1.0445
2026-08-07,2026-08-06,V2,ALL,272.09,267.0,-1.871,100.0,-1.8799
2026-08-07,2026-08-06,V2,WDC,457.45,434.3,-5.061,100.0,-5.0696
2026-08-10,2026-08-07,V1,MPC,302.2,320.32,5.996,100.0,5.9833
2026-08-10,2026-08-07,V1,PSX,207.91,215.52,3.66,100.0,3.6478
2026-08-10,2026-08-07,V1,VLO,304.35,314.95,3.483,100.0,3.4704
2026-08-10,2026-08-07,V1,EXPE,307.53,314.01,2.107,100.0,2.0949
2026-08-10,2026-08-07,V1,GEN,28.8,29.29,1.701,100.0,1.6892
2026-08-10,2026-08-07,V1,ALL,266.95,269.67,1.019,100.0,1.0068
2026-08-10,2026-08-07,V1,NUE,273.0,274.61,0.59,100.0,0.5777
2026-08-10,2026-08-07,V1,BBY,82.24,82.43,0.231,100.0,0.219
2026-08-10,2026-08-07,V1,DELL,458.58,457.88,-0.153,100.0,-0.1646
2026-08-10,2026-08-07,V1,TRV,382.48,375.62,-1.794,100.0,-1.8053
2026-08-10,2026-08-07,V2,MPC,302.2,320.32,5.996,100.0,5.9833
2026-08-10,2026-08-07,V2,CF,115.5,121.48,5.177,100.0,5.1649
2026-08-10,2026-08-07,V2,EOG,137.18,142.22,3.674,100.0,3.6616
2026-08-10,2026-08-07,V2,PSX,207.91,215.52,3.66,100.0,3.6478
2026-08-10,2026-08-07,V2,VLO,304.35,314.95,3.483,100.0,3.4704
2026-08-10,2026-08-07,V2,EXPE,307.53,314.01,2.107,100.0,2.0949
2026-08-10,2026-08-07,V2,GEN,28.8,29.29,1.701,100.0,1.6892
2026-08-10,2026-08-07,V2,ALL,266.95,269.67,1.019,100.0,1.0068
2026-08-10,2026-08-07,V2,INCY,120.56,121.55,0.821,100.0,0.8091
2026-08-10,2026-08-07,V2,CINF,175.52,173.86,-0.946,100.0,-0.9576
2026-08-11,2026-08-10,V1,MPC,319.0,336.42,5.461,100.0,5.4594
2026-08-11,2026-08-10,V1,PSX,215.0,224.36,4.353,100.0,4.3521
2026-08-11,2026-08-10,V1,EXPE,310.91,321.07,3.268,100.0,3.2664
2026-08-11,2026-08-10,V1,VLO,315.25,323.92,2.75,100.0,2.7488
2026-08-11,2026-08-10,V1,EOG,141.4,143.4,1.414,100.0,1.4131
2026-08-11,2026-08-10,V1,TRV,373.51,375.61,0.562,100.0,0.5609
2026-08-11,2026-08-10,V1,APA,40.49,40.62,0.321,100.0,0.3197
2026-08-11,2026-08-10,V1,BBY,84.14,83.28,-1.022,100.0,-1.0234
2026-08-11,2026-08-10,V1,ALL,266.92,262.23,-1.757,100.0,-1.7584
2026-08-11,2026-08-10,V1,DELL,449.13,440.97,-1.817,100.0,-1.8182
2026-08-11,2026-08-10,V2,MPC,319.0,336.42,5.461,100.0,5.4594
2026-08-11,2026-08-10,V2,PSX,215.0,224.36,4.353,100.0,4.3521
2026-08-11,2026-08-10,V2,EXPE,310.91,321.07,3.268,100.0,3.2664
2026-08-11,2026-08-10,V2,VLO,315.25,323.92,2.75,100.0,2.7488
2026-08-11,2026-08-10,V2,EOG,141.4,143.4,1.414,100.0,1.4131
2026-08-11,2026-08-10,V2,CINF,172.4,173.21,0.47,100.0,0.4685
2026-08-11,2026-08-10,V2,APA,40.49,40.62,0.321,100.0,0.3197
2026-08-11,2026-08-10,V2,INCY,121.13,121.07,-0.05,100.0,-0.0509
2026-08-11,2026-08-10,V2,ALL,266.92,262.23,-1.757,100.0,-1.7584
2026-08-11,2026-08-10,V2,CF,120.27,117.8,-2.054,100.0,-2.055
2026-08-12,2026-08-11,V1,DELL,459.28,484.5,5.491,100.0,5.4841
2026-08-12,2026-08-11,V1,MPC,335.05,348.25,3.94,100.0,3.9327
2026-08-12,2026-08-11,V1,VLO,321.24,330.21,2.792,100.0,2.7854
2026-08-12,2026-08-11,V1,PSX,221.23,225.58,1.966,100.0,1.9594
2026-08-12,2026-08-11,V1,EXPE,320.13,325.57,1.699,100.0,1.6924
2026-08-12,2026-08-11,V1,EOG,141.86,143.14,0.902,100.0,0.8955
2026-08-12,2026-08-11,V1,BBY,82.66,83.0,0.411,100.0,0.4045
2026-08-12,2026-08-11,V1,APA,40.11,39.97,-0.349,100.0,-0.3558
2026-08-12,2026-08-11,V1,TRV,372.62,370.16,-0.66,100.0,-0.6669
2026-08-12,2026-08-11,V1,ALL,259.55,255.84,-1.429,100.0,-1.4361
2026-08-12,2026-08-11,V2,MPC,335.05,348.25,3.94,100.0,3.9327
2026-08-12,2026-08-11,V2,VLO,321.24,330.21,2.792,100.0,2.7854
2026-08-12,2026-08-11,V2,PSX,221.23,225.58,1.966,100.0,1.9594
2026-08-12,2026-08-11,V2,EXPE,320.13,325.57,1.699,100.0,1.6924
2026-08-12,2026-08-11,V2,INCY,119.54,120.77,1.029,100.0,1.0221
2026-08-12,2026-08-11,V2,EOG,141.86,143.14,0.902,100.0,0.8955
2026-08-12,2026-08-11,V2,CVX,195.22,196.6,0.707,100.0,0.7001
2026-08-12,2026-08-11,V2,CINF,172.87,172.47,-0.231,100.0,-0.2381
2026-08-12,2026-08-11,V2,APA,40.11,39.97,-0.349,100.0,-0.3558
2026-08-12,2026-08-11,V2,ALL,259.55,255.84,-1.429,100.0,-1.4361
2026-08-13,2026-08-12,V1,VLO,327.93,342.92,4.571,100.0,4.5824
2026-08-13,2026-08-12,V1,PSX,223.97,232.61,3.858,100.0,3.8689
2026-08-13,2026-08-12,V1,MPC,345.4,356.37,3.176,100.0,3.1872
2026-08-13,2026-08-12,V1,BBY,83.91,85.35,1.716,100.0,1.7271
2026-08-13,2026-08-12,V1,APA,39.4,40.0,1.523,100.0,1.5338
2026-08-13,2026-08-12,V1,EXPE,325.65,328.31,0.817,100.0,0.8277
2026-08-13,2026-08-12,V1,HPQ,31.32,31.3,-0.064,100.0,-0.0531
2026-08-13,2026-08-12,V1,ZBRA,381.11,379.63,-0.388,100.0,-0.3776
2026-08-13,2026-08-12,V1,TRV,371.46,370.0,-0.393,100.0,-0.3823
2026-08-13,2026-08-12,V1,DELL,499.68,494.51,-1.035,100.0,-1.024
2026-08-13,2026-08-12,V2,VLO,327.93,342.92,4.571,100.0,4.5824
2026-08-13,2026-08-12,V2,PSX,223.97,232.61,3.858,100.0,3.8689
2026-08-13,2026-08-12,V2,MPC,345.4,356.37,3.176,100.0,3.1872
2026-08-13,2026-08-12,V2,APA,39.4,40.0,1.523,100.0,1.5338
2026-08-13,2026-08-12,V2,CVX,195.0,197.7,1.385,100.0,1.3956
2026-08-13,2026-08-12,V2,ALL,257.5,260.48,1.157,100.0,1.1682
2026-08-13,2026-08-12,V2,EXPE,325.65,328.31,0.817,100.0,0.8277
2026-08-13,2026-08-12,V2,EOG,141.02,141.41,0.277,100.0,0.2874
2026-08-13,2026-08-12,V2,CINF,174.14,172.67,-0.844,100.0,-0.8334
2026-08-13,2026-08-12,V2,INCY,122.23,120.52,-1.399,100.0,-1.3884
2026-08-14,2026-08-13,V1,EXPE,329.01,332.69,1.119,100.0,1.1253
2026-08-14,2026-08-13,V1,PSX,232.66,233.61,0.408,100.0,0.4151
2026-08-14,2026-08-13,V1,ALL,261.21,261.41,0.077,100.0,0.0833
2026-08-14,2026-08-13,V1,TRV,370.21,370.36,0.041,100.0,0.0473
2026-08-14,2026-08-13,V1,APA,40.5,40.47,-0.074,100.0,-0.0673
2026-08-14,2026-08-13,V1,VLO,342.92,341.67,-0.365,100.0,-0.3578
2026-08-14,2026-08-13,V1,MPC,356.99,355.42,-0.44,100.0,-0.4331
2026-08-14,2026-08-13,V1,DELL,496.0,490.81,-1.046,100.0,-1.0397
2026-08-14,2026-08-13,V1,HPQ,31.3,30.11,-3.802,100.0,-3.7954
2026-08-14,2026-08-13,V1,WDAY,207.85,198.68,-4.412,100.0,-4.4054
2026-08-14,2026-08-13,V2,INCY,119.15,120.16,0.848,100.0,0.8545
2026-08-14,2026-08-13,V2,CF,117.46,118.3,0.715,100.0,0.7219
2026-08-14,2026-08-13,V2,CVX,198.87,200.0,0.568,100.0,0.575
2026-08-14,2026-08-13,V2,PSX,232.66,233.61,0.408,100.0,0.4151
2026-08-14,2026-08-13,V2,CINF,172.57,173.17,0.348,100.0,0.3544
2026-08-14,2026-08-13,V2,EOG,142.32,142.61,0.204,100.0,0.2105
2026-08-14,2026-08-13,V2,ALL,261.21,261.41,0.077,100.0,0.0833
2026-08-14,2026-08-13,V2,TRV,370.21,370.36,0.041,100.0,0.0473
2026-08-14,2026-08-13,V2,VLO,342.92,341.67,-0.365,100.0,-0.3578
2026-08-14,2026-08-13,V2,MPC,356.99,355.42,-0.44,100.0,-0.4331
2026-08-17,2026-08-14,V1,PSX,234.5,240.55,2.58,100.0,2.5939
2026-08-17,2026-08-14,V1,MU,999.55,1011.75,1.221,100.0,1.2343
2026-08-17,2026-08-14,V1,VLO,344.0,347.19,0.927,100.0,0.941
2026-08-17,2026-08-14,V1,MPC,358.57,358.18,-0.109,100.0,-0.0952
2026-08-17,2026-08-14,V1,BBY,86.02,85.44,-0.674,100.0,-0.6608
2026-08-17,2026-08-14,V1,WDAY,192.49,191.18,-0.681,100.0,-0.6671
2026-08-17,2026-08-14,V1,TRV,368.35,364.51,-1.042,100.0,-1.0291
2026-08-17,2026-08-14,V1,HPQ,29.73,29.4,-1.11,100.0,-1.0966
2026-08-17,2026-08-14,V1,DELL,496.65,479.81,-3.391,100.0,-3.3776
2026-08-17,2026-08-14,V1,EXPE,330.5,318.5,-3.631,100.0,-3.6178
2026-08-17,2026-08-14,V2,INCY,120.16,123.5,2.78,100.0,2.7936
2026-08-17,2026-08-14,V2,PSX,234.5,240.55,2.58,100.0,2.5939
2026-08-17,2026-08-14,V2,EOG,142.77,146.15,2.367,100.0,2.3813
2026-08-17,2026-08-14,V2,CVX,200.73,202.7,0.981,100.0,0.9951
2026-08-17,2026-08-14,V2,VLO,344.0,347.19,0.927,100.0,0.941
2026-08-17,2026-08-14,V2,MPC,358.57,358.18,-0.109,100.0,-0.0952
2026-08-17,2026-08-14,V2,ALL,260.72,258.1,-1.005,100.0,-0.9915
2026-08-17,2026-08-14,V2,TRV,368.35,364.51,-1.042,100.0,-1.0291
2026-08-17,2026-08-14,V2,CINF,172.99,171.06,-1.116,100.0,-1.1023
2026-08-17,2026-08-14,V2,EXPE,330.5,318.5,-3.631,100.0,-3.6178
2026-08-18,2026-08-17,V1,EXPE,316.77,321.42,1.468,100.0,1.4708
2026-08-18,2026-08-17,V1,PSX,240.0,243.49,1.454,100.0,1.4571
2026-08-18,2026-08-17,V1,HPQ,29.64,29.96,1.08,100.0,1.0825
2026-08-18,2026-08-17,V1,BBY,86.4,87.27,1.007,100.0,1.0098
2026-08-18,2026-08-17,V1,MPC,363.06,366.21,0.868,100.0,0.8705
2026-08-18,2026-08-17,V1,DELL,466.98,468.65,0.358,100.0,0.3605
2026-08-18,2026-08-17,V1,VLO,350.03,350.05,0.006,100.0,0.0086
2026-08-18,2026-08-17,V1,ALL,262.05,261.15,-0.343,100.0,-0.3406
2026-08-18,2026-08-17,V1,INCY,124.29,123.47,-0.66,100.0,-0.6569
2026-08-18,2026-08-17,V1,MU,957.1,940.76,-1.707,100.0,-1.7044
2026-08-18,2026-08-17,V2,EXPE,316.77,321.42,1.468,100.0,1.4708
2026-08-18,2026-08-17,V2,PSX,240.0,243.49,1.454,100.0,1.4571
2026-08-18,2026-08-17,V2,MPC,363.06,366.21,0.868,100.0,0.8705
2026-08-18,2026-08-17,V2,EOG,148.04,148.7,0.446,100.0,0.4487
2026-08-18,2026-08-17,V2,TRV,366.68,367.93,0.341,100.0,0.3438
2026-08-18,2026-08-17,V2,VLO,350.03,350.05,0.006,100.0,0.0086
2026-08-18,2026-08-17,V2,ALL,262.05,261.15,-0.343,100.0,-0.3406
2026-08-18,2026-08-17,V2,CF,120.41,119.72,-0.573,100.0,-0.5702
2026-08-18,2026-08-17,V2,INCY,124.29,123.47,-0.66,100.0,-0.6569
2026-08-18,2026-08-17,V2,CINF,173.4,171.35,-1.182,100.0,-1.1794
2026-08-19,2026-08-18,V1,WDAY,190.34,198.42,4.245,100.0,4.2493
2026-08-19,2026-08-18,V1,INCY,125.0,128.47,2.776,100.0,2.7802
2026-08-19,2026-08-18,V1,BBY,87.61,89.21,1.826,100.0,1.8304
2026-08-19,2026-08-18,V1,PYPL,60.565,61.25,1.131,100.0,1.1351
2026-08-19,2026-08-18,V1,EXPE,324.13,326.27,0.66,100.0,0.6643
2026-08-19,2026-08-18,V1,HPQ,29.85,29.94,0.302,100.0,0.3056
2026-08-19,2026-08-18,V1,PSX,244.24,242.29,-0.798,100.0,-0.7944
2026-08-19,2026-08-18,V1,VLO,350.0,346.26,-1.069,100.0,-1.0645
2026-08-19,2026-08-18,V1,MPC,365.21,360.75,-1.221,100.0,-1.2172
2026-08-19,2026-08-18,V1,DELL,467.96,437.55,-6.498,100.0,-6.4946
2026-08-19,2026-08-18,V2,INCY,125.0,128.47,2.776,100.0,2.7802
2026-08-19,2026-08-18,V2,APA,42.86,43.45,1.377,100.0,1.3807
2026-08-19,2026-08-18,V2,EXPE,324.13,326.27,0.66,100.0,0.6643
2026-08-19,2026-08-18,V2,CVX,205.05,205.76,0.346,100.0,0.3503
2026-08-19,2026-08-18,V2,EOG,149.86,149.48,-0.254,100.0,-0.2495
2026-08-19,2026-08-18,V2,ALL,261.76,259.74,-0.772,100.0,-0.7677
2026-08-19,2026-08-18,V2,PSX,244.24,242.29,-0.798,100.0,-0.7944
2026-08-19,2026-08-18,V2,VLO,350.0,346.26,-1.069,100.0,-1.0645
2026-08-19,2026-08-18,V2,MPC,365.21,360.75,-1.221,100.0,-1.2172
2026-08-19,2026-08-18,V2,CINF,170.74,168.49,-1.318,100.0,-1.3138
2026-08-20,2026-08-19,V1,INCY,127.1,127.22,0.094,100.0,0.0999
2026-08-20,2026-08-19,V1,WDAY,197.64,197.32,-0.162,100.0,-0.1565
2026-08-20,2026-08-19,V1,ALL,255.06,254.54,-0.204,100.0,-0.1985
2026-08-20,2026-08-19,V1,EXPE,326.68,324.17,-0.768,100.0,-0.7629
2026-08-20,2026-08-19,V1,APA,44.76,44.39,-0.827,100.0,-0.8212
2026-08-20,2026-08-19,V1,HPE,53.35,52.89,-0.862,100.0,-0.8568
2026-08-20,2026-08-19,V1,HPQ,29.8,29.47,-1.107,100.0,-1.102
2026-08-20,2026-08-19,V1,PSX,243.26,240.0,-1.34,100.0,-1.3348
2026-08-20,2026-08-19,V1,MPC,363.38,358.23,-1.417,100.0,-1.4119
2026-08-20,2026-08-19,V1,VLO,348.5,341.51,-2.006,100.0,-2.0004
2026-08-20,2026-08-19,V2,TRV,360.28,364.49,1.169,100.0,1.174
2026-08-20,2026-08-19,V2,EOG,151.45,152.19,0.489,100.0,0.4941
2026-08-20,2026-08-19,V2,INCY,127.1,127.22,0.094,100.0,0.0999
2026-08-20,2026-08-19,V2,ALL,255.06,254.54,-0.204,100.0,-0.1985
2026-08-20,2026-08-19,V2,EXPE,326.68,324.17,-0.768,100.0,-0.7629
2026-08-20,2026-08-19,V2,APA,44.76,44.39,-0.827,100.0,-0.8212
2026-08-20,2026-08-19,V2,PSX,243.26,240.0,-1.34,100.0,-1.3348
2026-08-20,2026-08-19,V2,MPC,363.38,358.23,-1.417,100.0,-1.4119
2026-08-20,2026-08-19,V2,CVX,208.9,205.77,-1.498,100.0,-1.493
2026-08-20,2026-08-19,V2,VLO,348.5,341.51,-2.006,100.0,-2.0004
2026-08-21,2026-08-20,V1,VLO,343.49,348.86,1.563,100.0,1.555
2026-08-21,2026-08-20,V1,WDAY,197.67,200.01,1.184,100.0,1.1755
2026-08-21,2026-08-20,V1,PSX,240.28,242.87,1.078,100.0,1.0696
2026-08-21,2026-08-20,V1,INCY,126.45,127.81,1.076,100.0,1.0672
2026-08-21,2026-08-20,V1,HPQ,29.46,29.71,0.849,100.0,0.8404
2026-08-21,2026-08-20,V1,MPC,358.88,360.72,0.513,100.0,0.5045
2026-08-21,2026-08-20,V1,EOG,152.29,153.05,0.499,100.0,0.4908
2026-08-21,2026-08-20,V1,ALL,254.13,253.83,-0.118,100.0,-0.1262
2026-08-21,2026-08-20,V1,EXPE,328.45,321.63,-2.076,100.0,-2.0844
2026-08-21,2026-08-20,V1,APA,44.52,43.39,-2.538,100.0,-2.5462
2026-08-21,2026-08-20,V2,CF,127.43,129.6,1.703,100.0,1.6946
2026-08-21,2026-08-20,V2,VLO,343.49,348.86,1.563,100.0,1.555
2026-08-21,2026-08-20,V2,PSX,240.28,242.87,1.078,100.0,1.0696
2026-08-21,2026-08-20,V2,INCY,126.45,127.81,1.076,100.0,1.0672
2026-08-21,2026-08-20,V2,MPC,358.88,360.72,0.513,100.0,0.5045
2026-08-21,2026-08-20,V2,EOG,152.29,153.05,0.499,100.0,0.4908
2026-08-21,2026-08-20,V2,COP,134.89,134.87,-0.015,100.0,-0.023
2026-08-21,2026-08-20,V2,ALL,254.13,253.83,-0.118,100.0,-0.1262
2026-08-21,2026-08-20,V2,CVX,205.93,205.27,-0.32,100.0,-0.3287
2026-08-21,2026-08-20,V2,APA,44.52,43.39,-2.538,100.0,-2.5462
2026-08-24,2026-08-21,V1,EXPE,323.55,339.125,4.814,100.0,4.8211
2026-08-24,2026-08-21,V1,ALL,256.06,260.19,1.613,100.0,1.62
2026-08-24,2026-08-21,V1,AMP,555.2,561.13,1.068,100.0,1.0751
2026-08-24,2026-08-21,V1,MPC,359.78,362.52,0.762,100.0,0.7686
2026-08-24,2026-08-21,V1,INCY,127.47,127.98,0.4,100.0,0.4071
2026-08-24,2026-08-21,V1,PSX,241.1,241.96,0.357,100.0,0.3637
2026-08-24,2026-08-21,V1,APA,42.93,42.96,0.07,100.0,0.0769
2026-08-24,2026-08-21,V1,VLO,346.25,346.0,-0.072,100.0,-0.0652
2026-08-24,2026-08-21,V1,WDAY,199.7,199.15,-0.275,100.0,-0.2685
2026-08-24,2026-08-21,V1,MU,934.78,910.43,-2.605,100.0,-2.5981
2026-08-24,2026-08-21,V2,EXPE,323.55,339.125,4.814,100.0,4.8211
2026-08-24,2026-08-21,V2,ALL,256.06,260.19,1.613,100.0,1.62
2026-08-24,2026-08-21,V2,CINF,168.94,171.21,1.344,100.0,1.3507
2026-08-24,2026-08-21,V2,MPC,359.78,362.52,0.762,100.0,0.7686
2026-08-24,2026-08-21,V2,INCY,127.47,127.98,0.4,100.0,0.4071
2026-08-24,2026-08-21,V2,PSX,241.1,241.96,0.357,100.0,0.3637
2026-08-24,2026-08-21,V2,APA,42.93,42.96,0.07,100.0,0.0769
2026-08-24,2026-08-21,V2,VLO,346.25,346.0,-0.072,100.0,-0.0652
2026-08-24,2026-08-21,V2,CF,129.99,129.24,-0.577,100.0,-0.57
2026-08-24,2026-08-21,V2,EOG,152.07,150.21,-1.223,100.0,-1.2162
